fig_id,lang,narrative_role,takeaway,label_id,svg_id,role,text,pos_system,page_w_pt,page_h_pt,center_x_pt,center_y_pt,anchor_x_pt,anchor_y_pt,width_pt,height_pt,x_frac,y_frac,axes_id,axes_frac_x,axes_frac_y,data_x,data_y,fontsize,fontfamily,fontweight,fontstyle,rotation,ha,va,color,math,n_lines,font_file
fig1_method_evac_relocation,en,,,fig1_method_evac_relocation:001,csf-fig1_method_evac_relocation-tick-001,tick,$\mathdefault{80}$,"page-points, origin = BOTTOM-LEFT of the exported page; page = matplotlib tight bbox of the figure + savefig.pad_inches (0.05 in) per side (the page matplotlib actually writes for bbox_inches='tight'). center_x_pt/center_y_pt = centre of the rendered text bbox; anchor_x_pt/anchor_y_pt = matplotlib text anchor (equals the SVG/PDF text x/y only for va='baseline', otherwise it differs by the ascent/descent, a few pt); x_frac/y_frac = the centre as a 0-1 fraction of that page.",517.64,581.445,-3.62,640.666,0.1,641.65,7.44,9.12,-0.007,1.1019,,,,,,8.0,sans-serif,normal,normal,0.0,right,center_baseline,black,True,1,C:\Users\wzw\AppData\Local\Programs\MiKTeX\fonts\opentype\public\libertinus-fonts\LibertinusSans-Regular.otf
fig1_method_evac_relocation,en,,,fig1_method_evac_relocation:002,csf-fig1_method_evac_relocation-tick-002,tick,$\mathdefault{70}$,"page-points, origin = BOTTOM-LEFT of the exported page; page = matplotlib tight bbox of the figure + savefig.pad_inches (0.05 in) per side (the page matplotlib actually writes for bbox_inches='tight'). center_x_pt/center_y_pt = centre of the rendered text bbox; anchor_x_pt/anchor_y_pt = matplotlib text anchor (equals the SVG/PDF text x/y only for va='baseline', otherwise it differs by the ascent/descent, a few pt); x_frac/y_frac = the centre as a 0-1 fraction of that page.",517.64,581.445,-3.62,560.91,0.1,561.894,7.44,9.12,-0.007,0.9647,,,,,,8.0,sans-serif,normal,normal,0.0,right,center_baseline,black,True,1,C:\Users\wzw\AppData\Local\Programs\MiKTeX\fonts\opentype\public\libertinus-fonts\LibertinusSans-Regular.otf
fig1_method_evac_relocation,en,,,fig1_method_evac_relocation:003,csf-fig1_method_evac_relocation-tick-003,tick,$\mathdefault{60}$,"page-points, origin = BOTTOM-LEFT of the exported page; page = matplotlib tight bbox of the figure + savefig.pad_inches (0.05 in) per side (the page matplotlib actually writes for bbox_inches='tight'). center_x_pt/center_y_pt = centre of the rendered text bbox; anchor_x_pt/anchor_y_pt = matplotlib text anchor (equals the SVG/PDF text x/y only for va='baseline', otherwise it differs by the ascent/descent, a few pt); x_frac/y_frac = the centre as a 0-1 fraction of that page.",517.64,581.445,-3.62,481.154,0.1,482.138,7.44,9.12,-0.007,0.8275,,,,,,8.0,sans-serif,normal,normal,0.0,right,center_baseline,black,True,1,C:\Users\wzw\AppData\Local\Programs\MiKTeX\fonts\opentype\public\libertinus-fonts\LibertinusSans-Regular.otf
fig1_method_evac_relocation,en,,,fig1_method_evac_relocation:004,csf-fig1_method_evac_relocation-tick-004,tick,$\mathdefault{50}$,"page-points, origin = BOTTOM-LEFT of the exported page; page = matplotlib tight bbox of the figure + savefig.pad_inches (0.05 in) per side (the page matplotlib actually writes for bbox_inches='tight'). center_x_pt/center_y_pt = centre of the rendered text bbox; anchor_x_pt/anchor_y_pt = matplotlib text anchor (equals the SVG/PDF text x/y only for va='baseline', otherwise it differs by the ascent/descent, a few pt); x_frac/y_frac = the centre as a 0-1 fraction of that page.",517.64,581.445,-3.62,401.397,0.1,402.381,7.44,9.12,-0.007,0.6903,,,,,,8.0,sans-serif,normal,normal,0.0,right,center_baseline,black,True,1,C:\Users\wzw\AppData\Local\Programs\MiKTeX\fonts\opentype\public\libertinus-fonts\LibertinusSans-Regular.otf
fig1_method_evac_relocation,en,,,fig1_method_evac_relocation:005,csf-fig1_method_evac_relocation-tick-005,tick,$\mathdefault{40}$,"page-points, origin = BOTTOM-LEFT of the exported page; page = matplotlib tight bbox of the figure + savefig.pad_inches (0.05 in) per side (the page matplotlib actually writes for bbox_inches='tight'). center_x_pt/center_y_pt = centre of the rendered text bbox; anchor_x_pt/anchor_y_pt = matplotlib text anchor (equals the SVG/PDF text x/y only for va='baseline', otherwise it differs by the ascent/descent, a few pt); x_frac/y_frac = the centre as a 0-1 fraction of that page.",517.64,581.445,-3.62,321.641,0.1,322.625,7.44,9.12,-0.007,0.5532,,,,,,8.0,sans-serif,normal,normal,0.0,right,center_baseline,black,True,1,C:\Users\wzw\AppData\Local\Programs\MiKTeX\fonts\opentype\public\libertinus-fonts\LibertinusSans-Regular.otf
fig1_method_evac_relocation,en,,,fig1_method_evac_relocation:006,csf-fig1_method_evac_relocation-tick-006,tick,$\mathdefault{30}$,"page-points, origin = BOTTOM-LEFT of the exported page; page = matplotlib tight bbox of the figure + savefig.pad_inches (0.05 in) per side (the page matplotlib actually writes for bbox_inches='tight'). center_x_pt/center_y_pt = centre of the rendered text bbox; anchor_x_pt/anchor_y_pt = matplotlib text anchor (equals the SVG/PDF text x/y only for va='baseline', otherwise it differs by the ascent/descent, a few pt); x_frac/y_frac = the centre as a 0-1 fraction of that page.",517.64,581.445,-3.62,241.885,0.1,242.869,7.44,9.12,-0.007,0.416,,,,,,8.0,sans-serif,normal,normal,0.0,right,center_baseline,black,True,1,C:\Users\wzw\AppData\Local\Programs\MiKTeX\fonts\opentype\public\libertinus-fonts\LibertinusSans-Regular.otf
fig1_method_evac_relocation,en,,,fig1_method_evac_relocation:007,csf-fig1_method_evac_relocation-tick-007,tick,$\mathdefault{20}$,"page-points, origin = BOTTOM-LEFT of the exported page; page = matplotlib tight bbox of the figure + savefig.pad_inches (0.05 in) per side (the page matplotlib actually writes for bbox_inches='tight'). center_x_pt/center_y_pt = centre of the rendered text bbox; anchor_x_pt/anchor_y_pt = matplotlib text anchor (equals the SVG/PDF text x/y only for va='baseline', otherwise it differs by the ascent/descent, a few pt); x_frac/y_frac = the centre as a 0-1 fraction of that page.",517.64,581.445,-3.62,162.129,0.1,163.113,7.44,9.12,-0.007,0.2788,,,,,,8.0,sans-serif,normal,normal,0.0,right,center_baseline,black,True,1,C:\Users\wzw\AppData\Local\Programs\MiKTeX\fonts\opentype\public\libertinus-fonts\LibertinusSans-Regular.otf
fig1_method_evac_relocation,en,,,fig1_method_evac_relocation:008,csf-fig1_method_evac_relocation-tick-008,tick,$\mathdefault{10}$,"page-points, origin = BOTTOM-LEFT of the exported page; page = matplotlib tight bbox of the figure + savefig.pad_inches (0.05 in) per side (the page matplotlib actually writes for bbox_inches='tight'). center_x_pt/center_y_pt = centre of the rendered text bbox; anchor_x_pt/anchor_y_pt = matplotlib text anchor (equals the SVG/PDF text x/y only for va='baseline', otherwise it differs by the ascent/descent, a few pt); x_frac/y_frac = the centre as a 0-1 fraction of that page.",517.64,581.445,-3.62,82.372,0.1,83.356,7.44,9.12,-0.007,0.1417,,,,,,8.0,sans-serif,normal,normal,0.0,right,center_baseline,black,True,1,C:\Users\wzw\AppData\Local\Programs\MiKTeX\fonts\opentype\public\libertinus-fonts\LibertinusSans-Regular.otf
fig1_method_evac_relocation,en,,,fig1_method_evac_relocation:009,csf-fig1_method_evac_relocation-tick-009,tick,$\mathdefault{0}$,"page-points, origin = BOTTOM-LEFT of the exported page; page = matplotlib tight bbox of the figure + savefig.pad_inches (0.05 in) per side (the page matplotlib actually writes for bbox_inches='tight'). center_x_pt/center_y_pt = centre of the rendered text bbox; anchor_x_pt/anchor_y_pt = matplotlib text anchor (equals the SVG/PDF text x/y only for va='baseline', otherwise it differs by the ascent/descent, a few pt); x_frac/y_frac = the centre as a 0-1 fraction of that page.",517.64,581.445,-1.82,2.616,0.1,3.6,3.84,9.12,-0.0035,0.0045,,,,,,8.0,sans-serif,normal,normal,0.0,right,center_baseline,black,True,1,C:\Users\wzw\AppData\Local\Programs\MiKTeX\fonts\opentype\public\libertinus-fonts\LibertinusSans-Regular.otf
fig1_method_evac_relocation,en,,,fig1_method_evac_relocation:010,csf-fig1_method_evac_relocation-tick-010,tick,$\mathdefault{0}$,"page-points, origin = BOTTOM-LEFT of the exported page; page = matplotlib tight bbox of the figure + savefig.pad_inches (0.05 in) per side (the page matplotlib actually writes for bbox_inches='tight'). center_x_pt/center_y_pt = centre of the rendered text bbox; anchor_x_pt/anchor_y_pt = matplotlib text anchor (equals the SVG/PDF text x/y only for va='baseline', otherwise it differs by the ascent/descent, a few pt); x_frac/y_frac = the centre as a 0-1 fraction of that page.",517.64,581.445,3.6,-4.46,3.6,0.1,3.84,9.12,0.007,-0.0077,,,,,,8.0,sans-serif,normal,normal,0.0,center,top,black,True,1,C:\Users\wzw\AppData\Local\Programs\MiKTeX\fonts\opentype\public\libertinus-fonts\LibertinusSans-Regular.otf
fig1_method_evac_relocation,en,,,fig1_method_evac_relocation:011,csf-fig1_method_evac_relocation-tick-011,tick,$\mathdefault{10}$,"page-points, origin = BOTTOM-LEFT of the exported page; page = matplotlib tight bbox of the figure + savefig.pad_inches (0.05 in) per side (the page matplotlib actually writes for bbox_inches='tight'). center_x_pt/center_y_pt = centre of the rendered text bbox; anchor_x_pt/anchor_y_pt = matplotlib text anchor (equals the SVG/PDF text x/y only for va='baseline', otherwise it differs by the ascent/descent, a few pt); x_frac/y_frac = the centre as a 0-1 fraction of that page.",517.64,581.445,83.356,-4.46,83.356,0.1,7.44,9.12,0.161,-0.0077,,,,,,8.0,sans-serif,normal,normal,0.0,center,top,black,True,1,C:\Users\wzw\AppData\Local\Programs\MiKTeX\fonts\opentype\public\libertinus-fonts\LibertinusSans-Regular.otf
fig1_method_evac_relocation,en,,,fig1_method_evac_relocation:012,csf-fig1_method_evac_relocation-tick-012,tick,$\mathdefault{20}$,"page-points, origin = BOTTOM-LEFT of the exported page; page = matplotlib tight bbox of the figure + savefig.pad_inches (0.05 in) per side (the page matplotlib actually writes for bbox_inches='tight'). center_x_pt/center_y_pt = centre of the rendered text bbox; anchor_x_pt/anchor_y_pt = matplotlib text anchor (equals the SVG/PDF text x/y only for va='baseline', otherwise it differs by the ascent/descent, a few pt); x_frac/y_frac = the centre as a 0-1 fraction of that page.",517.64,581.445,163.113,-4.46,163.113,0.1,7.44,9.12,0.3151,-0.0077,,,,,,8.0,sans-serif,normal,normal,0.0,center,top,black,True,1,C:\Users\wzw\AppData\Local\Programs\MiKTeX\fonts\opentype\public\libertinus-fonts\LibertinusSans-Regular.otf
fig1_method_evac_relocation,en,,,fig1_method_evac_relocation:013,csf-fig1_method_evac_relocation-tick-013,tick,$\mathdefault{30}$,"page-points, origin = BOTTOM-LEFT of the exported page; page = matplotlib tight bbox of the figure + savefig.pad_inches (0.05 in) per side (the page matplotlib actually writes for bbox_inches='tight'). center_x_pt/center_y_pt = centre of the rendered text bbox; anchor_x_pt/anchor_y_pt = matplotlib text anchor (equals the SVG/PDF text x/y only for va='baseline', otherwise it differs by the ascent/descent, a few pt); x_frac/y_frac = the centre as a 0-1 fraction of that page.",517.64,581.445,242.869,-4.46,242.869,0.1,7.44,9.12,0.4692,-0.0077,,,,,,8.0,sans-serif,normal,normal,0.0,center,top,black,True,1,C:\Users\wzw\AppData\Local\Programs\MiKTeX\fonts\opentype\public\libertinus-fonts\LibertinusSans-Regular.otf
fig1_method_evac_relocation,en,,,fig1_method_evac_relocation:014,csf-fig1_method_evac_relocation-tick-014,tick,$\mathdefault{40}$,"page-points, origin = BOTTOM-LEFT of the exported page; page = matplotlib tight bbox of the figure + savefig.pad_inches (0.05 in) per side (the page matplotlib actually writes for bbox_inches='tight'). center_x_pt/center_y_pt = centre of the rendered text bbox; anchor_x_pt/anchor_y_pt = matplotlib text anchor (equals the SVG/PDF text x/y only for va='baseline', otherwise it differs by the ascent/descent, a few pt); x_frac/y_frac = the centre as a 0-1 fraction of that page.",517.64,581.445,322.625,-4.46,322.625,0.1,7.44,9.12,0.6233,-0.0077,,,,,,8.0,sans-serif,normal,normal,0.0,center,top,black,True,1,C:\Users\wzw\AppData\Local\Programs\MiKTeX\fonts\opentype\public\libertinus-fonts\LibertinusSans-Regular.otf
fig1_method_evac_relocation,en,,,fig1_method_evac_relocation:015,csf-fig1_method_evac_relocation-tick-015,tick,$\mathdefault{50}$,"page-points, origin = BOTTOM-LEFT of the exported page; page = matplotlib tight bbox of the figure + savefig.pad_inches (0.05 in) per side (the page matplotlib actually writes for bbox_inches='tight'). center_x_pt/center_y_pt = centre of the rendered text bbox; anchor_x_pt/anchor_y_pt = matplotlib text anchor (equals the SVG/PDF text x/y only for va='baseline', otherwise it differs by the ascent/descent, a few pt); x_frac/y_frac = the centre as a 0-1 fraction of that page.",517.64,581.445,402.381,-4.46,402.381,0.1,7.44,9.12,0.7773,-0.0077,,,,,,8.0,sans-serif,normal,normal,0.0,center,top,black,True,1,C:\Users\wzw\AppData\Local\Programs\MiKTeX\fonts\opentype\public\libertinus-fonts\LibertinusSans-Regular.otf
fig1_method_evac_relocation,en,,,fig1_method_evac_relocation:016,csf-fig1_method_evac_relocation-tick-016,tick,$\mathdefault{60}$,"page-points, origin = BOTTOM-LEFT of the exported page; page = matplotlib tight bbox of the figure + savefig.pad_inches (0.05 in) per side (the page matplotlib actually writes for bbox_inches='tight'). center_x_pt/center_y_pt = centre of the rendered text bbox; anchor_x_pt/anchor_y_pt = matplotlib text anchor (equals the SVG/PDF text x/y only for va='baseline', otherwise it differs by the ascent/descent, a few pt); x_frac/y_frac = the centre as a 0-1 fraction of that page.",517.64,581.445,482.138,-4.46,482.138,0.1,7.44,9.12,0.9314,-0.0077,,,,,,8.0,sans-serif,normal,normal,0.0,center,top,black,True,1,C:\Users\wzw\AppData\Local\Programs\MiKTeX\fonts\opentype\public\libertinus-fonts\LibertinusSans-Regular.otf
fig1_method_evac_relocation,en,,,fig1_method_evac_relocation:017,csf-fig1_method_evac_relocation-tick-017,tick,$\mathdefault{70}$,"page-points, origin = BOTTOM-LEFT of the exported page; page = matplotlib tight bbox of the figure + savefig.pad_inches (0.05 in) per side (the page matplotlib actually writes for bbox_inches='tight'). center_x_pt/center_y_pt = centre of the rendered text bbox; anchor_x_pt/anchor_y_pt = matplotlib text anchor (equals the SVG/PDF text x/y only for va='baseline', otherwise it differs by the ascent/descent, a few pt); x_frac/y_frac = the centre as a 0-1 fraction of that page.",517.64,581.445,561.894,-4.46,561.894,0.1,7.44,9.12,1.0855,-0.0077,,,,,,8.0,sans-serif,normal,normal,0.0,center,top,black,True,1,C:\Users\wzw\AppData\Local\Programs\MiKTeX\fonts\opentype\public\libertinus-fonts\LibertinusSans-Regular.otf
fig1_method_evac_relocation,en,,,fig1_method_evac_relocation:018,csf-fig1_method_evac_relocation-legend-018,legend,Data flow,"page-points, origin = BOTTOM-LEFT of the exported page; page = matplotlib tight bbox of the figure + savefig.pad_inches (0.05 in) per side (the page matplotlib actually writes for bbox_inches='tight'). center_x_pt/center_y_pt = centre of the rendered text bbox; anchor_x_pt/anchor_y_pt = matplotlib text anchor (equals the SVG/PDF text x/y only for va='baseline', otherwise it differs by the ascent/descent, a few pt); x_frac/y_frac = the centre as a 0-1 fraction of that page.",517.64,581.445,312.834,78.571,298.698,78.571,28.271,7.98,0.6043,0.1351,ax0,0.5781,0.1306,37.0,9.4,7.0,sans-serif,normal,normal,0.0,left,center,#4D4D4D,False,1,C:\Users\wzw\AppData\Local\Programs\MiKTeX\fonts\opentype\public\libertinus-fonts\LibertinusSans-Regular.otf
fig1_method_evac_relocation,en,,,fig1_method_evac_relocation:019,csf-fig1_method_evac_relocation-legend-019,legend,Feedback loop,"page-points, origin = BOTTOM-LEFT of the exported page; page = matplotlib tight bbox of the figure + savefig.pad_inches (0.05 in) per side (the page matplotlib actually writes for bbox_inches='tight'). center_x_pt/center_y_pt = centre of the rendered text bbox; anchor_x_pt/anchor_y_pt = matplotlib text anchor (equals the SVG/PDF text x/y only for va='baseline', otherwise it differs by the ascent/descent, a few pt); x_frac/y_frac = the centre as a 0-1 fraction of that page.",517.64,581.445,319.411,54.644,298.698,54.644,41.426,7.98,0.6171,0.094,ax0,0.5781,0.0889,37.0,6.4,7.0,sans-serif,normal,normal,0.0,left,center,#D62728,False,1,C:\Users\wzw\AppData\Local\Programs\MiKTeX\fonts\opentype\public\libertinus-fonts\LibertinusSans-Regular.otf
fig1_method_evac_relocation,en,,,fig1_method_evac_relocation:020,csf-fig1_method_evac_relocation-node-020,node,"Venue and geometry
Layout / constraints","page-points, origin = BOTTOM-LEFT of the exported page; page = matplotlib tight bbox of the figure + savefig.pad_inches (0.05 in) per side (the page matplotlib actually writes for bbox_inches='tight'). center_x_pt/center_y_pt = centre of the rendered text bbox; anchor_x_pt/anchor_y_pt = matplotlib text anchor (equals the SVG/PDF text x/y only for va='baseline', otherwise it differs by the ascent/descent, a few pt); x_frac/y_frac = the centre as a 0-1 fraction of that page.",517.64,581.445,123.234,510.052,123.234,510.052,72.709,33.915,0.2381,0.8772,ax0,0.2344,0.8819,15.0,63.5,8.5,sans-serif,normal,normal,0.0,center,center,#1A1A1A,False,2,C:\Users\wzw\AppData\Local\Programs\MiKTeX\fonts\opentype\public\libertinus-fonts\LibertinusSans-Regular.otf
fig1_method_evac_relocation,en,,,fig1_method_evac_relocation:021,csf-fig1_method_evac_relocation-node-021,node,"Exit capacity model
$\mu_k = w_k q$","page-points, origin = BOTTOM-LEFT of the exported page; page = matplotlib tight bbox of the figure + savefig.pad_inches (0.05 in) per side (the page matplotlib actually writes for bbox_inches='tight'). center_x_pt/center_y_pt = centre of the rendered text bbox; anchor_x_pt/anchor_y_pt = matplotlib text anchor (equals the SVG/PDF text x/y only for va='baseline', otherwise it differs by the ascent/descent, a few pt); x_frac/y_frac = the centre as a 0-1 fraction of that page.",517.64,581.445,274.771,510.052,274.771,510.052,68.94,33.915,0.5308,0.8772,ax0,0.5312,0.8819,34.0,63.5,8.5,sans-serif,normal,normal,0.0,center,center,#1A1A1A,True,2,C:\Users\wzw\AppData\Local\Programs\MiKTeX\fonts\opentype\public\libertinus-fonts\LibertinusSans-Regular.otf
fig1_method_evac_relocation,en,,,fig1_method_evac_relocation:022,csf-fig1_method_evac_relocation-node-022,node,"Agent population
N heterogeneous agents
state + velocity","page-points, origin = BOTTOM-LEFT of the exported page; page = matplotlib tight bbox of the figure + savefig.pad_inches (0.05 in) per side (the page matplotlib actually writes for bbox_inches='tight'). center_x_pt/center_y_pt = centre of the rendered text bbox; anchor_x_pt/anchor_y_pt = matplotlib text anchor (equals the SVG/PDF text x/y only for va='baseline', otherwise it differs by the ascent/descent, a few pt); x_frac/y_frac = the centre as a 0-1 fraction of that page.",517.64,581.445,123.234,382.442,123.234,382.442,84.712,50.873,0.2381,0.6577,ax0,0.2344,0.6597,15.0,47.5,8.5,sans-serif,normal,normal,0.0,center,center,#1A1A1A,False,3,C:\Users\wzw\AppData\Local\Programs\MiKTeX\fonts\opentype\public\libertinus-fonts\LibertinusSans-Regular.otf
fig1_method_evac_relocation,en,,,fig1_method_evac_relocation:023,csf-fig1_method_evac_relocation-node-023,node,"Global observation
$o_i=(p_i,\{Q_k\})$","page-points, origin = BOTTOM-LEFT of the exported page; page = matplotlib tight bbox of the figure + savefig.pad_inches (0.05 in) per side (the page matplotlib actually writes for bbox_inches='tight'). center_x_pt/center_y_pt = centre of the rendered text bbox; anchor_x_pt/anchor_y_pt = matplotlib text anchor (equals the SVG/PDF text x/y only for va='baseline', otherwise it differs by the ascent/descent, a few pt); x_frac/y_frac = the centre as a 0-1 fraction of that page.",517.64,581.445,274.771,382.442,274.771,382.442,66.127,33.915,0.5308,0.6577,ax0,0.5312,0.6597,34.0,47.5,8.5,sans-serif,normal,normal,0.0,center,center,#1A1A1A,True,2,C:\Users\wzw\AppData\Local\Programs\MiKTeX\fonts\opentype\public\libertinus-fonts\LibertinusSans-Regular.otf
fig1_method_evac_relocation,en,,,fig1_method_evac_relocation:024,csf-fig1_method_evac_relocation-node-024,node,"Shared policy
$\pi_\theta(a_i\,|\,o_i)$","page-points, origin = BOTTOM-LEFT of the exported page; page = matplotlib tight bbox of the figure + savefig.pad_inches (0.05 in) per side (the page matplotlib actually writes for bbox_inches='tight'). center_x_pt/center_y_pt = centre of the rendered text bbox; anchor_x_pt/anchor_y_pt = matplotlib text anchor (equals the SVG/PDF text x/y only for va='baseline', otherwise it differs by the ascent/descent, a few pt); x_frac/y_frac = the centre as a 0-1 fraction of that page.",517.64,581.445,426.308,382.442,426.308,382.442,47.812,33.915,0.8236,0.6577,ax0,0.8281,0.6597,53.0,47.5,8.5,sans-serif,normal,normal,0.0,center,center,#1A1A1A,True,2,C:\Users\wzw\AppData\Local\Programs\MiKTeX\fonts\opentype\public\libertinus-fonts\LibertinusSans-Regular.otf
fig1_method_evac_relocation,en,,,fig1_method_evac_relocation:025,csf-fig1_method_evac_relocation-node-025,node,"Marginal cost
$c_i(k)=d_i(k)+\lambda Q_k$","page-points, origin = BOTTOM-LEFT of the exported page; page = matplotlib tight bbox of the figure + savefig.pad_inches (0.05 in) per side (the page matplotlib actually writes for bbox_inches='tight'). center_x_pt/center_y_pt = centre of the rendered text bbox; anchor_x_pt/anchor_y_pt = matplotlib text anchor (equals the SVG/PDF text x/y only for va='baseline', otherwise it differs by the ascent/descent, a few pt); x_frac/y_frac = the centre as a 0-1 fraction of that page.",517.64,581.445,123.234,254.832,123.234,254.832,73.44,33.915,0.2381,0.4383,ax0,0.2344,0.4375,15.0,31.5,8.5,sans-serif,normal,normal,0.0,center,center,#1A1A1A,True,2,C:\Users\wzw\AppData\Local\Programs\MiKTeX\fonts\opentype\public\libertinus-fonts\LibertinusSans-Regular.otf
fig1_method_evac_relocation,en,,,fig1_method_evac_relocation:026,csf-fig1_method_evac_relocation-node-026,node,"Exit assignment
$a_i=\arg\min_k c_i(k)$","page-points, origin = BOTTOM-LEFT of the exported page; page = matplotlib tight bbox of the figure + savefig.pad_inches (0.05 in) per side (the page matplotlib actually writes for bbox_inches='tight'). center_x_pt/center_y_pt = centre of the rendered text bbox; anchor_x_pt/anchor_y_pt = matplotlib text anchor (equals the SVG/PDF text x/y only for va='baseline', otherwise it differs by the ascent/descent, a few pt); x_frac/y_frac = the centre as a 0-1 fraction of that page.",517.64,581.445,274.771,254.832,274.771,254.832,68.4,33.915,0.5308,0.4383,ax0,0.5312,0.4375,34.0,31.5,8.5,sans-serif,normal,normal,0.0,center,center,#1A1A1A,True,2,C:\Users\wzw\AppData\Local\Programs\MiKTeX\fonts\opentype\public\libertinus-fonts\LibertinusSans-Regular.otf
fig1_method_evac_relocation,en,,,fig1_method_evac_relocation:027,csf-fig1_method_evac_relocation-node-027,node,"Capacity service
$\mu_k\Delta t$ queue service","page-points, origin = BOTTOM-LEFT of the exported page; page = matplotlib tight bbox of the figure + savefig.pad_inches (0.05 in) per side (the page matplotlib actually writes for bbox_inches='tight'). center_x_pt/center_y_pt = centre of the rendered text bbox; anchor_x_pt/anchor_y_pt = matplotlib text anchor (equals the SVG/PDF text x/y only for va='baseline', otherwise it differs by the ascent/descent, a few pt); x_frac/y_frac = the centre as a 0-1 fraction of that page.",517.64,581.445,426.308,254.832,426.308,254.832,67.68,33.915,0.8236,0.4383,ax0,0.8281,0.4375,53.0,31.5,8.5,sans-serif,normal,normal,0.0,center,center,#1A1A1A,True,2,C:\Users\wzw\AppData\Local\Programs\MiKTeX\fonts\opentype\public\libertinus-fonts\LibertinusSans-Regular.otf
fig1_method_evac_relocation,en,,,fig1_method_evac_relocation:028,csf-fig1_method_evac_relocation-node-028,node,"System metrics
T, Gini, bottleneck utilization","page-points, origin = BOTTOM-LEFT of the exported page; page = matplotlib tight bbox of the figure + savefig.pad_inches (0.05 in) per side (the page matplotlib actually writes for bbox_inches='tight'). center_x_pt/center_y_pt = centre of the rendered text bbox; anchor_x_pt/anchor_y_pt = matplotlib text anchor (equals the SVG/PDF text x/y only for va='baseline', otherwise it differs by the ascent/descent, a few pt); x_frac/y_frac = the centre as a 0-1 fraction of that page.",517.64,581.445,123.234,127.222,123.234,127.222,101.61,33.915,0.2381,0.2188,ax0,0.2344,0.2153,15.0,15.5,8.5,sans-serif,normal,normal,0.0,center,center,#1A1A1A,False,2,C:\Users\wzw\AppData\Local\Programs\MiKTeX\fonts\opentype\public\libertinus-fonts\LibertinusSans-Regular.otf
fig1_method_evac_relocation,en,,,fig1_method_evac_relocation:029,csf-fig1_method_evac_relocation-node-029,node,"Congestion feedback
$Q_k(t)$ return","page-points, origin = BOTTOM-LEFT of the exported page; page = matplotlib tight bbox of the figure + savefig.pad_inches (0.05 in) per side (the page matplotlib actually writes for bbox_inches='tight'). center_x_pt/center_y_pt = centre of the rendered text bbox; anchor_x_pt/anchor_y_pt = matplotlib text anchor (equals the SVG/PDF text x/y only for va='baseline', otherwise it differs by the ascent/descent, a few pt); x_frac/y_frac = the centre as a 0-1 fraction of that page.",517.64,581.445,274.771,127.222,274.771,127.222,73.56,33.915,0.5308,0.2188,ax0,0.5312,0.2153,34.0,15.5,8.5,sans-serif,normal,normal,0.0,center,center,#1A1A1A,True,2,C:\Users\wzw\AppData\Local\Programs\MiKTeX\fonts\opentype\public\libertinus-fonts\LibertinusSans-Regular.otf
fig1_method_evac_relocation,en,,,fig1_method_evac_relocation:030,csf-fig1_method_evac_relocation-lane-label-030,lane-label,Environment,"page-points, origin = BOTTOM-LEFT of the exported page; page = matplotlib tight bbox of the figure + savefig.pad_inches (0.05 in) per side (the page matplotlib actually writes for bbox_inches='tight'). center_x_pt/center_y_pt = centre of the rendered text bbox; anchor_x_pt/anchor_y_pt = matplotlib text anchor (equals the SVG/PDF text x/y only for va='baseline', otherwise it differs by the ascent/descent, a few pt); x_frac/y_frac = the centre as a 0-1 fraction of that page.",517.64,581.445,31.515,510.052,31.515,510.052,9.12,42.656,0.0609,0.8772,ax0,0.0547,0.8819,3.5,63.5,8.0,sans-serif,normal,normal,90.0,center,center,#7F7F7F,False,1,C:\Users\wzw\AppData\Local\Programs\MiKTeX\fonts\opentype\public\libertinus-fonts\LibertinusSans-Regular.otf
fig1_method_evac_relocation,en,,,fig1_method_evac_relocation:031,csf-fig1_method_evac_relocation-lane-label-031,lane-label,Agents,"page-points, origin = BOTTOM-LEFT of the exported page; page = matplotlib tight bbox of the figure + savefig.pad_inches (0.05 in) per side (the page matplotlib actually writes for bbox_inches='tight'). center_x_pt/center_y_pt = centre of the rendered text bbox; anchor_x_pt/anchor_y_pt = matplotlib text anchor (equals the SVG/PDF text x/y only for va='baseline', otherwise it differs by the ascent/descent, a few pt); x_frac/y_frac = the centre as a 0-1 fraction of that page.",517.64,581.445,31.515,382.442,31.515,382.442,9.12,22.703,0.0609,0.6577,ax0,0.0547,0.6597,3.5,47.5,8.0,sans-serif,normal,normal,90.0,center,center,#7F7F7F,False,1,C:\Users\wzw\AppData\Local\Programs\MiKTeX\fonts\opentype\public\libertinus-fonts\LibertinusSans-Regular.otf
fig1_method_evac_relocation,en,,,fig1_method_evac_relocation:032,csf-fig1_method_evac_relocation-lane-label-032,lane-label,Algorithm,"page-points, origin = BOTTOM-LEFT of the exported page; page = matplotlib tight bbox of the figure + savefig.pad_inches (0.05 in) per side (the page matplotlib actually writes for bbox_inches='tight'). center_x_pt/center_y_pt = centre of the rendered text bbox; anchor_x_pt/anchor_y_pt = matplotlib text anchor (equals the SVG/PDF text x/y only for va='baseline', otherwise it differs by the ascent/descent, a few pt); x_frac/y_frac = the centre as a 0-1 fraction of that page.",517.64,581.445,31.515,254.832,31.515,254.832,9.12,33.6,0.0609,0.4383,ax0,0.0547,0.4375,3.5,31.5,8.0,sans-serif,normal,normal,90.0,center,center,#7F7F7F,False,1,C:\Users\wzw\AppData\Local\Programs\MiKTeX\fonts\opentype\public\libertinus-fonts\LibertinusSans-Regular.otf
fig1_method_evac_relocation,en,,,fig1_method_evac_relocation:033,csf-fig1_method_evac_relocation-lane-label-033,lane-label,Evaluation and feedback,"page-points, origin = BOTTOM-LEFT of the exported page; page = matplotlib tight bbox of the figure + savefig.pad_inches (0.05 in) per side (the page matplotlib actually writes for bbox_inches='tight'). center_x_pt/center_y_pt = centre of the rendered text bbox; anchor_x_pt/anchor_y_pt = matplotlib text anchor (equals the SVG/PDF text x/y only for va='baseline', otherwise it differs by the ascent/descent, a few pt); x_frac/y_frac = the centre as a 0-1 fraction of that page.",517.64,581.445,31.515,127.222,31.515,127.222,9.12,80.752,0.0609,0.2188,ax0,0.0547,0.2153,3.5,15.5,8.0,sans-serif,normal,normal,90.0,center,center,#7F7F7F,False,1,C:\Users\wzw\AppData\Local\Programs\MiKTeX\fonts\opentype\public\libertinus-fonts\LibertinusSans-Regular.otf
fig1_method_evac_relocation,en,,,fig1_method_evac_relocation:034,csf-fig1_method_evac_relocation-annotation-034,annotation,constraints,"page-points, origin = BOTTOM-LEFT of the exported page; page = matplotlib tight bbox of the figure + savefig.pad_inches (0.05 in) per side (the page matplotlib actually writes for bbox_inches='tight'). center_x_pt/center_y_pt = centre of the rendered text bbox; anchor_x_pt/anchor_y_pt = matplotlib text anchor (equals the SVG/PDF text x/y only for va='baseline', otherwise it differs by the ascent/descent, a few pt); x_frac/y_frac = the centre as a 0-1 fraction of that page.",517.64,581.445,199.003,510.052,199.003,510.052,32.88,8.094,0.3844,0.8772,ax0,0.3828,0.8819,24.5,63.5,7.1,sans-serif,normal,normal,0.0,center,center,#1A1A1A,False,1,C:\Users\wzw\AppData\Local\Programs\MiKTeX\fonts\opentype\public\libertinus-fonts\LibertinusSans-Regular.otf
fig1_method_evac_relocation,en,,,fig1_method_evac_relocation:035,csf-fig1_method_evac_relocation-annotation-035,annotation,capacity,"page-points, origin = BOTTOM-LEFT of the exported page; page = matplotlib tight bbox of the figure + savefig.pad_inches (0.05 in) per side (the page matplotlib actually writes for bbox_inches='tight'). center_x_pt/center_y_pt = centre of the rendered text bbox; anchor_x_pt/anchor_y_pt = matplotlib text anchor (equals the SVG/PDF text x/y only for va='baseline', otherwise it differs by the ascent/descent, a few pt); x_frac/y_frac = the centre as a 0-1 fraction of that page.",517.64,581.445,274.771,446.247,274.771,446.247,24.48,8.094,0.5308,0.7675,ax0,0.5312,0.7708,34.0,55.5,7.1,sans-serif,normal,normal,0.0,center,center,#1A1A1A,False,1,C:\Users\wzw\AppData\Local\Programs\MiKTeX\fonts\opentype\public\libertinus-fonts\LibertinusSans-Regular.otf
fig1_method_evac_relocation,en,,,fig1_method_evac_relocation:036,csf-fig1_method_evac_relocation-annotation-036,annotation,states,"page-points, origin = BOTTOM-LEFT of the exported page; page = matplotlib tight bbox of the figure + savefig.pad_inches (0.05 in) per side (the page matplotlib actually writes for bbox_inches='tight'). center_x_pt/center_y_pt = centre of the rendered text bbox; anchor_x_pt/anchor_y_pt = matplotlib text anchor (equals the SVG/PDF text x/y only for va='baseline', otherwise it differs by the ascent/descent, a few pt); x_frac/y_frac = the centre as a 0-1 fraction of that page.",517.64,581.445,199.003,382.442,199.003,382.442,17.04,8.094,0.3844,0.6577,ax0,0.3828,0.6597,24.5,47.5,7.1,sans-serif,normal,normal,0.0,center,center,#1A1A1A,False,1,C:\Users\wzw\AppData\Local\Programs\MiKTeX\fonts\opentype\public\libertinus-fonts\LibertinusSans-Regular.otf
fig1_method_evac_relocation,en,,,fig1_method_evac_relocation:037,csf-fig1_method_evac_relocation-annotation-037,annotation,observations,"page-points, origin = BOTTOM-LEFT of the exported page; page = matplotlib tight bbox of the figure + savefig.pad_inches (0.05 in) per side (the page matplotlib actually writes for bbox_inches='tight'). center_x_pt/center_y_pt = centre of the rendered text bbox; anchor_x_pt/anchor_y_pt = matplotlib text anchor (equals the SVG/PDF text x/y only for va='baseline', otherwise it differs by the ascent/descent, a few pt); x_frac/y_frac = the centre as a 0-1 fraction of that page.",517.64,581.445,350.54,382.442,350.54,382.442,37.305,8.094,0.6772,0.6577,ax0,0.6797,0.6597,43.5,47.5,7.1,sans-serif,normal,normal,0.0,center,center,#1A1A1A,False,1,C:\Users\wzw\AppData\Local\Programs\MiKTeX\fonts\opentype\public\libertinus-fonts\LibertinusSans-Regular.otf
fig1_method_evac_relocation,en,,,fig1_method_evac_relocation:038,csf-fig1_method_evac_relocation-annotation-038,annotation,policy,"page-points, origin = BOTTOM-LEFT of the exported page; page = matplotlib tight bbox of the figure + savefig.pad_inches (0.05 in) per side (the page matplotlib actually writes for bbox_inches='tight'). center_x_pt/center_y_pt = centre of the rendered text bbox; anchor_x_pt/anchor_y_pt = matplotlib text anchor (equals the SVG/PDF text x/y only for va='baseline', otherwise it differs by the ascent/descent, a few pt); x_frac/y_frac = the centre as a 0-1 fraction of that page.",517.64,581.445,199.003,318.637,199.003,318.637,17.569,8.094,0.3844,0.548,ax0,0.3828,0.5486,24.5,39.5,7.1,sans-serif,normal,normal,0.0,center,center,#1A1A1A,False,1,C:\Users\wzw\AppData\Local\Programs\MiKTeX\fonts\opentype\public\libertinus-fonts\LibertinusSans-Regular.otf
fig1_method_evac_relocation,en,,,fig1_method_evac_relocation:039,csf-fig1_method_evac_relocation-annotation-039,annotation,costs,"page-points, origin = BOTTOM-LEFT of the exported page; page = matplotlib tight bbox of the figure + savefig.pad_inches (0.05 in) per side (the page matplotlib actually writes for bbox_inches='tight'). center_x_pt/center_y_pt = centre of the rendered text bbox; anchor_x_pt/anchor_y_pt = matplotlib text anchor (equals the SVG/PDF text x/y only for va='baseline', otherwise it differs by the ascent/descent, a few pt); x_frac/y_frac = the centre as a 0-1 fraction of that page.",517.64,581.445,199.003,254.832,199.003,254.832,14.88,8.094,0.3844,0.4383,ax0,0.3828,0.4375,24.5,31.5,7.1,sans-serif,normal,normal,0.0,center,center,#1A1A1A,False,1,C:\Users\wzw\AppData\Local\Programs\MiKTeX\fonts\opentype\public\libertinus-fonts\LibertinusSans-Regular.otf
fig1_method_evac_relocation,en,,,fig1_method_evac_relocation:040,csf-fig1_method_evac_relocation-annotation-040,annotation,assignment,"page-points, origin = BOTTOM-LEFT of the exported page; page = matplotlib tight bbox of the figure + savefig.pad_inches (0.05 in) per side (the page matplotlib actually writes for bbox_inches='tight'). center_x_pt/center_y_pt = centre of the rendered text bbox; anchor_x_pt/anchor_y_pt = matplotlib text anchor (equals the SVG/PDF text x/y only for va='baseline', otherwise it differs by the ascent/descent, a few pt); x_frac/y_frac = the centre as a 0-1 fraction of that page.",517.64,581.445,350.54,254.832,350.54,254.832,33.6,8.094,0.6772,0.4383,ax0,0.6797,0.4375,43.5,31.5,7.1,sans-serif,normal,normal,0.0,center,center,#1A1A1A,False,1,C:\Users\wzw\AppData\Local\Programs\MiKTeX\fonts\opentype\public\libertinus-fonts\LibertinusSans-Regular.otf
fig1_method_evac_relocation,en,,,fig1_method_evac_relocation:041,csf-fig1_method_evac_relocation-annotation-041,annotation,congestion return,"page-points, origin = BOTTOM-LEFT of the exported page; page = matplotlib tight bbox of the figure + savefig.pad_inches (0.05 in) per side (the page matplotlib actually writes for bbox_inches='tight'). center_x_pt/center_y_pt = centre of the rendered text bbox; anchor_x_pt/anchor_y_pt = matplotlib text anchor (equals the SVG/PDF text x/y only for va='baseline', otherwise it differs by the ascent/descent, a few pt); x_frac/y_frac = the centre as a 0-1 fraction of that page.",517.64,581.445,199.003,191.027,199.003,191.027,52.024,8.094,0.3844,0.3285,ax0,0.3828,0.3264,24.5,23.5,7.1,sans-serif,normal,normal,0.0,center,center,#1A1A1A,False,1,C:\Users\wzw\AppData\Local\Programs\MiKTeX\fonts\opentype\public\libertinus-fonts\LibertinusSans-Regular.otf
fig1_method_evac_relocation,en,,,fig1_method_evac_relocation:042,csf-fig1_method_evac_relocation-annotation-042,annotation,service events,"page-points, origin = BOTTOM-LEFT of the exported page; page = matplotlib tight bbox of the figure + savefig.pad_inches (0.05 in) per side (the page matplotlib actually writes for bbox_inches='tight'). center_x_pt/center_y_pt = centre of the rendered text bbox; anchor_x_pt/anchor_y_pt = matplotlib text anchor (equals the SVG/PDF text x/y only for va='baseline', otherwise it differs by the ascent/descent, a few pt); x_frac/y_frac = the centre as a 0-1 fraction of that page.",517.64,581.445,426.308,191.027,426.308,191.027,40.56,8.094,0.8236,0.3285,ax0,0.8281,0.3264,53.0,23.5,7.1,sans-serif,normal,normal,0.0,center,center,#1A1A1A,False,1,C:\Users\wzw\AppData\Local\Programs\MiKTeX\fonts\opentype\public\libertinus-fonts\LibertinusSans-Regular.otf
fig1_method_evac_relocation,en,,,fig1_method_evac_relocation:043,csf-fig1_method_evac_relocation-annotation-043,annotation,queue length,"page-points, origin = BOTTOM-LEFT of the exported page; page = matplotlib tight bbox of the figure + savefig.pad_inches (0.05 in) per side (the page matplotlib actually writes for bbox_inches='tight'). center_x_pt/center_y_pt = centre of the rendered text bbox; anchor_x_pt/anchor_y_pt = matplotlib text anchor (equals the SVG/PDF text x/y only for va='baseline', otherwise it differs by the ascent/descent, a few pt); x_frac/y_frac = the centre as a 0-1 fraction of that page.",517.64,581.445,426.308,191.027,426.308,191.027,37.68,8.094,0.8236,0.3285,ax0,0.8281,0.3264,53.0,23.5,7.1,sans-serif,normal,normal,0.0,center,center,#1A1A1A,False,1,C:\Users\wzw\AppData\Local\Programs\MiKTeX\fonts\opentype\public\libertinus-fonts\LibertinusSans-Regular.otf
fig1_method_evac_relocation,en,,,fig1_method_evac_relocation:044,csf-fig1_method_evac_relocation-annotation-044,annotation,metrics,"page-points, origin = BOTTOM-LEFT of the exported page; page = matplotlib tight bbox of the figure + savefig.pad_inches (0.05 in) per side (the page matplotlib actually writes for bbox_inches='tight'). center_x_pt/center_y_pt = centre of the rendered text bbox; anchor_x_pt/anchor_y_pt = matplotlib text anchor (equals the SVG/PDF text x/y only for va='baseline', otherwise it differs by the ascent/descent, a few pt); x_frac/y_frac = the centre as a 0-1 fraction of that page.",517.64,581.445,199.003,127.222,199.003,127.222,21.84,8.094,0.3844,0.2188,ax0,0.3828,0.2153,24.5,15.5,7.1,sans-serif,normal,normal,0.0,center,center,#1A1A1A,False,1,C:\Users\wzw\AppData\Local\Programs\MiKTeX\fonts\opentype\public\libertinus-fonts\LibertinusSans-Regular.otf
